NO_MUNICIPIO_PROVA,NU_NOTA_CN,NU_NOTA_CH,NU_NOTA_LC,NU_NOTA_MT
ADAMANTINA,494.2731528340081,533.5753289473685,517.9645669291339,530.4110761154856
AGUDOS,487.47319932998323,530.3416527079844,516.3583820093459,521.2664135514019
AMERICANA,508.79348306658414,548.5647891060217,533.7041379624983,547.7888042337698
AMPARO,510.5567607856892,545.7967730620835,532.6644466654552,544.9181083045612
ANDRADINA,485.94768914384673,524.7255980084425,514.1940275137009,514.4629795324907
ANGATUBA,507.50613496932516,546.5842535787322,523.055460385439,520.2079229122056
APARECIDA,489.2666729929778,531.9672423609793,518.444615081709,525.8108682811577
APIAI,465.35853600944506,507.22554899645814,495.44582005393477,487.6673449374847
ARACATUBA,498.39189274733224,535.0403011394466,523.4367711540256,532.86270640918
ARACOIABA DA SERRA,476.54275032509753,517.719765929779,506.3173337856174,508.7976933514247
ARARAQUARA,510.92186228625616,551.2493805634579,537.9543530301122,547.5243448406198
ARARAS,503.55225112853407,538.7173734853884,526.1867281105991,541.6861689708142
ARTUR NOGUEIRA,487.6693104514533,533.7820810142239,516.5054248679788,525.8113138102096
ARUJA,484.7000861079219,529.1603138155376,515.1803755961844,511.59205087440387
ASSIS,490.9511296812133,531.9423645930053,519.9249662964628,519.0691339795853
ATIBAIA,496.1709204368175,539.1811945620682,525.5257769989855,531.9229456792401
AURIFLAMA,485.39695054945054,518.8706318681319,508.68735534857467,517.7784081287044
AVANHANDAVA,485.3812274368231,511.8379061371841,494.7735074626865,490.569776119403
AVARE,496.23122657753476,536.5630710017219,522.4727983104541,532.5907074973601
Adamantina,508.7395833333333,553.4708613728129,530.9359322033898,536.8658645907053
Agudos,502.9225293132328,551.455420711974,534.1442344563134,529.7021276595744
Americana,521.4669361235976,566.9469704721532,548.7993120194253,563.5757284138456
Amparo,514.7938116100767,559.8752985598876,541.2933876972168,550.3831520737327
Andradina,495.18197364732265,537.1603231922,523.3883973364955,518.4515443468405
Aparecida,495.2015587044535,547.6086260733802,530.3263334650336,526.5824313243132
Apiaí,476.9429258902791,530.9750922509226,518.5275402943238,500.8442331138747
Araraquara,516.1653602337248,560.9318829008649,543.5770125127544,545.6592784222092
Araras,518.016409628135,562.6772382608696,543.4786591786592,553.4481449148843
Araçatuba,510.62134900514707,552.5003181767731,536.3158379992535,543.5744175227757
Araçoiaba da Serra,491.4619539316918,540.5318825910931,526.6787136294028,519.3267432540742
Artur Nogueira,493.7222661396575,546.4079932332417,529.5792908858604,527.3878898473789
Arujá,489.49166825790843,540.5971435561808,527.7209973428907,515.2496172402701
Assis,502.11093389819945,551.454811213158,536.773966541399,533.3083071113908
Atibaia,506.3511165480427,556.57594974702,538.4642674524418,539.57658196537
Auriflama,492.8932038834951,536.8199892962269,521.4279590186034,524.0410399776349
Avaré,508.83905851297845,551.0425415756762,534.5385359233184,542.463353485064
BARRA BONITA,496.66684836471757,535.0620581433764,525.0841479972844,529.9472844534962
BARRETOS,484.78039885016165,523.2783686669062,508.69698948808855,512.3890900043541
BARRINHA,464.6298326359833,508.1984937238493,492.89302224160485,496.1810292193633
BARUERI,484.39771957840946,532.44632705206,519.0448399760463,516.9953955685675
BATATAIS,500.1726185650588,538.5780401297121,525.6767600461652,536.0110376665617
BAURU,504.0623335372453,544.216535692438,530.814769810029,540.5913302853231
BEBEDOURO,495.9881920026167,533.2288739880612,521.6169714333867,530.3539310693519
BERTIOGA,470.27275977653636,513.1810502793296,503.9246457607433,489.29488966318235
BIRIGUI,485.672103861518,524.6148934753662,512.8368330107824,521.3534282554604
BOITUVA,483.7183405327574,523.3548776097913,510.6823905280962,513.9544070663409
BOTUCATU,518.6804834500756,555.8927207801127,539.8989419116604,556.6205652606163
BRAGANCA PAULISTA,492.74434765924786,532.7995471987721,520.3203823939454,527.3833698466441
Barra Bonita,505.2080741535162,550.6998963116575,536.2402862680782,537.1951102884467
Barra do Turvo,463.4984719864176,504.8929133858268,507.6138535031847,480.489175257732
Barretos,500.5451703056769,541.1709852990687,524.1622424722663,526.9491569238
Barrinha,478.97314460596783,524.438518155054,510.12020854021847,499.29625613219724
Barueri,495.9427989130434,547.8914235208928,535.1034957057063,528.4240973895809
Batatais,505.38909192616075,548.6921201763065,532.751795429815,535.5738272069192
Bauru,514.9002572754111,560.085341927115,542.766391111293,547.1935169211765
Bebedouro,510.0021147041883,551.9964566616351,534.2219488741085,541.2807139892071
Bertioga,481.04101550142354,530.0778182369899,519.5596536929206,498.2688828512066
Birigui,499.67129789547755,546.6848363187153,531.267024932825,533.7885213000129
Boituva,500.9820828331333,550.3772779205941,535.9685244008085,538.4949908925319
Botucatu,527.965664893617,568.4507972199509,548.4761174047374,563.8485846021874
Bragança Paulista,503.6261161861826,552.0202669717772,534.1845292778014,539.0540682309602
CABREUVA,471.53419220055713,514.0890900649953,504.6679428156046,498.1359340925612
CACAPAVA,498.4272860277981,543.3312362838332,529.6327862643606,540.2559272819088
CACHOEIRA PAULISTA,494.0542305334151,530.5711833231146,520.2356507936508,525.8591746031746
CAIEIRAS,478.22841765339075,522.6398815931109,512.6842825326121,504.2056156538339
CAIUA,452.58500000000004,452.41,445.5736842105263,464.14210526315793
CAJAMAR,468.73656597774243,514.8329238329238,502.5664204973625,486.3514845516202
CAJATI,461.7408596148479,501.9467485347474,491.3594955059437,484.5052768918527
CAJURU,483.9227642276423,544.8904471544715,517.5296450939458,475.7010438413361
CAMPINAS,513.4001280108432,555.2606479607684,537.8923908088342,551.8434077925101
CAMPO LIMPO PAULISTA,483.5050274339671,527.7118795457445,515.3120010608673,513.6706670202891
CAMPOS DO JORDAO,487.0456346841478,529.6477205005959,517.926052753355,521.8422181089002
CANDIDO MOTA,485.7804581580178,528.7806919121084,511.8414821944178,520.9195380173244
CAPAO BONITO,470.9432241892527,512.8438195206016,502.7825115055884,499.04626890203815
CAPIVARI,490.0855410062026,526.1466574776017,513.7763146520674,524.0604667915286
CARAGUATATUBA,482.23458717970834,528.6875851954102,516.3086238035037,513.6889019324544
CARAPICUIBA,465.3444067431464,516.499132870146,504.60554077145014,485.5562228633856
CASA BRANCA,499.2559118236473,537.991549766199,524.4293915434857,528.262667583362
CATANDUVA,507.40080506796886,543.2858189256962,531.8052010906612,548.9600272665303
CERQUEIRA CESAR,491.32272354388846,531.8536915504512,517.8410729613734,530.3551072961372
CERQUILHO,495.34547065337756,537.254684385382,522.9417073738078,530.2149569667365
CHARQUEADA,492.43861788617886,522.7829268292683,508.1860262008734,506.5772925764192
COSMOPOLIS,493.7480073461891,533.7680257116621,519.7662588415217,521.3346014146434
COTIA,490.68901143958345,535.0998031899627,522.2539736219142,520.5601750084545
CRUZEIRO,495.76757230499567,535.1489482909728,524.1290120646484,528.1174823582974
CUBATAO,478.5252403637939,524.0064183629277,513.2584141368372,509.8903307657453
Cabreúva,482.5864835640138,537.6231856934913,522.4972700545989,508.0522613065327
Cachoeira Paulista,505.45540029112084,552.6145622895623,534.9724547511313,536.6566774288231
Caieiras,486.3685008066374,540.5113827433629,526.8119698660714,509.768777622703
Cajamar,482.99890260630997,536.522971602434,522.390278631428,505.6407292888368
Cajati,481.8863712095968,535.401662404092,519.7950645161291,507.0802892700975
Cajuru,485.9360993337371,531.5988348383338,516.1255069056715,512.5615831295844
Campinas,519.6531416572443,565.0619041607569,546.3834633828844,555.7501662597373
Campo Limpo Paulista,491.53717346158044,544.4081827731093,529.2105630821338,519.9363886746722
Campos do Jordão,497.8341488426604,549.6742905310481,532.6403173254002,529.1414216048471
Capivari,504.93115731317243,550.0223087621697,533.2674421883813,533.5522566371682
Capão Bonito,484.16560582274866,536.5011672095549,522.7853829261597,513.3221371841155
Caraguatatuba,495.35205330008574,546.9732899753308,533.5011863382198,527.9093380614657
Carapicuíba,476.18443491304555,532.7613132645987,521.2883615819209,495.2404449920622
Casa Branca,499.4484506132989,542.7699629171817,528.2322580645161,525.7936163318211
Catanduva,514.7231113991037,556.2024245577524,540.2744572627163,552.9461756219719
Caçapava,505.2332160140784,557.2257366970532,540.9405696607638,542.1937555358725
Cerqueira César,499.4672,546.0907016937435,528.9031369815267,530.3820983125458
Cerquilho,506.61200223297357,556.5618275739223,540.0302565028902,545.296582326284
Cosmópolis,497.76287223118675,545.7785086475759,532.3538031800601,524.8310646500594
Cotia,501.03832751591233,550.6592708509559,536.1296669314571,532.0821372693727
Cruzeiro,511.0915928731463,558.5173993237012,540.4959822350753,546.5606067125645
Cubatão,486.6569444444445,539.4443115044248,526.5157709945543,511.3075334779681
Cândido Mota,499.06416332482684,539.6419757365685,524.9427617709066,520.6048816568048
DIADEMA,471.5658684619368,520.1443210771621,509.3511151894634,496.15725143042215
DRACENA,489.6216107382551,526.3332519829164,513.0626145924903,528.6212859475072
Diadema,482.011880639407,537.8070242592961,525.3883880352456,505.3005926366211
Dracena,502.4682085381131,543.6551436515292,528.2870877324115,537.5991059280855
ELDORADO,457.1872967479675,489.8077743902439,481.34531416400426,477.5110756123536
EMBU,465.36586359997085,504.6308901666788,505.99578532443905,489.6262583383869
EMBU DAS ARTES,466.60337987481944,529.9802214732787,500.31841791044775,474.21537313432833
EMBU-GUACU,468.3245524296675,514.2943307757886,504.32469933184854,491.49103563474387
ESPIRITO SANTO DO PINHAL,508.4951472718493,550.1691211974892,534.8669324694742,551.2563917268876
Eldorado,469.8379496402877,519.8662664379646,503.57376668601273,487.42436053593184
Embu das Artes,475.63042725573024,533.30348043901,519.2338273002764,491.5377703885194
Embu-Guaçu,479.4452214666422,531.9396375791696,520.11506264996,503.6397046531067
Espírito Santo do Pinhal,513.232915921288,560.6147247119078,540.5571798188874,549.6374095840868
FERNANDOPOLIS,495.8076800847458,528.2877206920904,520.9498263888889,532.6621984649122
FERRAZ DE VASCONCELOS,464.1011281826163,511.64499561018437,503.31823292805564,484.1880290702989
FRANCA,494.1411045531197,535.5841349839031,523.2926328334493,531.2787148674148
FRANCISCO MORATO,456.720415164554,505.0333992324689,493.42239178015564,473.38687986381325
FRANCO DA ROCHA,466.22972260963894,514.8134278630095,504.4110975510536,485.65180213164103
Fernandópolis,507.17830248307,546.5138128746416,531.3993864492944,538.6726601658617
Ferraz de Vasconcelos,475.3477859993027,530.7112296483533,518.4567287784679,492.7584000628042
Franca,502.1474575323053,547.8049236359711,531.6791777043945,535.419736990631
Francisco Morato,470.7310746284672,528.8089187257505,514.6085474946998,484.2634964654703
Franco da Rocha,477.2972433943089,532.7266759861424,519.9920666134087,494.6318812644564
GARCA,483.55832808233566,525.9193446754883,513.9631831047245,514.115610711953
GUAIRA,491.9969655172414,525.672,510.9376279863481,524.6009101251423
GUARARAPES,495.4384535815878,527.6331781742953,518.3610977242303,536.3130120481928
GUARATINGUETA,507.9067472380811,549.911344257433,534.6448666870978,550.8465828991725
GUAREI,475.61481481481485,508.36835016835016,488.990036900369,487.9409594095941
GUARUJA,472.86085768434043,518.6156507558729,508.6389640155856,497.4892230116892
GUARULHOS,478.96208082070893,526.6300963376967,514.4805956950403,506.44725295401525
Garça,495.6965320910973,541.151204919395,526.9338758389262,520.0968112911657
Guararapes,506.2361952861953,547.8223075133752,532.0304052471305,539.070203488372
Guaratinguetá,521.0195075151903,568.735277327779,549.6474853801169,564.7053354890865
Guarujá,483.659790867646,533.2493271685873,522.6156701605321,502.86892193036937
Guarulhos,490.3082178668488,543.2950585693897,529.6622156351327,517.8441936331834
Guaíra,502.90538535184305,541.6569152620642,527.7139632301605,534.6591940154441
HORTOLANDIA,480.57220248667846,527.7465677567652,513.9411065907242,508.45036615134256
Hortolândia,490.4751266085513,542.751960588775,530.3496802477576,518.3045218556356
IBATE,478.7290523234541,521.4954994511526,510.8076571428572,513.0195047619047
IBITINGA,496.59993658845906,535.197463538364,526.9169443986141,537.8830226035308
IBIUNA,479.6730711422845,518.6102079158317,507.20724863600935,507.6052870875552
IGUAPE,476.9863504787353,519.800089067023,508.5672229949003,500.64276773296245
ILHA SOLTEIRA,510.406570354245,543.9111023154561,526.4252500510307,547.8899979587671
ILHABELA,488.3659751037344,557.6475103734439,524.0606911447085,487.7544276457883
INDAIATUBA,504.28070621991856,545.106955757127,529.0618180074791,542.5095263208361
IPAUSSU,497.4993890020367,530.2476578411405,516.9969565217391,504.3363043478261
IPERO,491.5170403587444,519.9248878923767,502.09178743961354,500.42439613526574
ITAI,482.66892923457806,516.9009284093253,506.9360085378869,517.5122305229455
ITANHAEM,475.6249166176182,521.7944182852658,511.2462974296206,500.2070583435333
ITAPECERICA DA SERRA,469.2033435453201,517.1669871117684,507.42751914495074,488.43189355958356
ITAPETININGA,490.0537048529229,532.430867568574,521.5073143963848,526.4643511943189
ITAPEVA,476.709010989011,518.2148098055791,505.8255718475073,509.92032844574777
ITAPEVI,461.9068244597302,510.28150354763585,498.6949860406814,482.4626061193094
ITAPIRA,506.46778939688716,546.7721303501945,532.4291007284602,545.6278698819392
ITAPOLIS,496.4476049565379,531.2329202885148,523.8378549501151,531.6344205679202
ITAQUAQUECETUBA,461.354306122449,508.7052367346939,497.41316863678884,479.2150267879922
ITARARE,474.45127005347587,516.222493315508,504.8438545539034,505.86116403345727
ITATIBA,504.79439903118373,542.125,526.4894109396914,543.0944756116565
ITU,493.3034312129696,536.2169216745882,523.7131464639609,525.7112664585313
ITUPEVA,487.945498474059,528.6644455747711,515.008948069241,516.0054327563249
ITUVERAVA,485.9405629948197,522.1548138011925,509.27507307731076,515.6467795585123
Ibaté,485.72416365280293,535.4827735644637,521.0874014022787,513.7486851131946
Ibitinga,503.2506639427987,548.715429769392,534.9473379466177,538.2275114323646
Ibiúna,491.4250032488629,540.0954068896656,524.8474454396367,518.6939159001314
Iguape,488.3341920374707,542.2746049410193,525.9623927765236,509.1875683384835
Ilha Solteira,513.1245796138676,553.8874096385542,534.8225617159045,539.5921113203599
Ilhabela,495.2465329991646,545.8846031112884,531.471566653242,520.8589029535865
Indaiatuba,513.8599919699237,561.1247572473966,545.0816595125758,552.2256534864885
Itanhaém,484.36394021739136,536.9889953392025,525.4165112834364,506.525789040344
Itapecerica da Serra,481.03841245203296,537.6055227310028,524.15143509865,501.89221698113204
Itapetininga,499.68609897368157,549.5349003403014,533.8230965713724,531.1935182331792
Itapeva,481.562298376966,531.3959994243776,518.2515694849369,511.9343791382296
Itapevi,473.66028362842997,527.3009797648565,516.3716805566793,492.4994393952264
Itapira,518.3014583333334,563.5981655986933,544.5933215055127,553.4942722017867
Itaquaquecetuba,473.4351918876755,526.8540925055063,514.6270077156324,490.1097289128176
Itararé,482.27591378735696,535.5157124546037,520.617577914375,509.28762342908436
Itatiba,511.3926015544801,555.5555366390013,539.4171127970227,548.4520535780359
Itaí,491.220686134368,538.3443040435459,524.6014173228347,521.6018828884751
Itu,506.2627323302567,558.0344959824689,540.7127728921961,540.4117372691841
Itupeva,499.071528831563,549.7194302410519,532.5086442556335,531.2384452975048
Ituverava,494.373477620045,534.3233918128656,517.8713660377358,520.2248301179411
Itápolis,503.4747843137255,545.7403795066414,531.8926684532925,532.5314404432132
JABOTICABAL,504.01320394791406,539.2214149456747,527.1161295837251,539.4600051286434
JACAREI,488.3954941490715,531.5249554820657,518.3783796205108,520.8743943273587
JAGUARIUNA,509.8886821705426,550.8124547803617,534.3092774308653,548.8693131132917
JALES,494.15076750879433,528.5632315318196,519.5023770221195,533.6072301089469
JANDIRA,463.89249304911954,512.5693908501137,500.45788546255505,485.95866960352424
JARDINOPOLIS,496.1418994413408,533.7386033519552,516.9485439720443,526.6377402446127
JAU,506.14335685483866,544.5824495967743,531.7910509669725,543.8097008347592
JOSE BONIFACIO,493.25399545736116,523.5328721866612,516.773082706767,528.7045542427497
JUNDIAI,514.6990614000782,552.647349758832,538.4315923601051,560.645941305864
JUQUITIBA,467.2397486091078,510.50074180919023,498.97385803131033,489.5547930516835
Jaboticabal,504.9309429228517,546.1907739101048,531.1290182213761,534.0493549291824
Jacareí,502.47603443310186,552.0180201945116,536.4468280023763,535.6907290118271
Jaguariúna,509.50178513818685,554.6910995850623,539.0202047638948,543.8612068031632
Jales,503.1720486475152,543.2419067839451,528.3264663951121,538.5948135629027
Jandira,478.1920466903502,534.03526385316,521.0479853737431,498.7310688870956
Jardinópolis,504.35496641074855,545.2726228755167,527.0787850683978,527.6338987157742
Jaú,512.9573946623843,556.3129175288205,540.2681929681112,550.0366402523465
José Bonifácio,500.8241758241758,539.1668045343137,525.2747225647349,529.9687610193942
Jundiaí,522.9630981799428,568.2171462904262,550.3111574296016,568.9832962138084
Juquitiba,477.4884098028377,532.5686789772727,517.1033536585365,499.12412958480735
LEME,490.1578002135715,529.5350354334531,517.1582937910147,521.585310449268
LENCOIS PAULISTA,491.39256198347107,531.2087349014622,518.4653375444137,530.891064613765
LIMEIRA,500.8909944503615,538.4844245753686,526.0488603037254,539.2976073637446
LINS,479.20714347562557,519.1019482206252,508.1070107719928,507.2431687612209
LORENA,498.6188225871045,537.4411393672407,524.6495133568027,536.6121660799337
LOUVEIRA,481.3075818036712,531.0021947326417,512.1262962962962,522.3777777777777
LUCELIA,504.1219730941704,536.467264573991,524.3533653846154,514.6413461538461
Leme,505.5811057802148,553.9890215588723,535.6706230460027,535.9821234852856
Lençóis Paulista,505.4816921299268,552.2034551329854,535.7910573184497,539.4013867288751
Limeira,513.3627565728782,559.9656898758836,542.7690051092022,551.0631865254829
Lins,492.6193470149254,539.381534320323,525.0359139589763,513.8458604738979
Lorena,509.75396447355365,555.0534512593732,538.256883847198,539.1044549003905
Louveira,497.03744924767136,550.117465046986,531.8433918669132,530.7801300578035
MAIRINQUE,485.3580894533407,524.3335542057795,511.5214244576694,518.0869456709542
MAIRIPORA,481.74165813715456,525.742681678608,514.380956733699,506.91946983546615
MARILIA,502.36796332727073,543.2154782673249,527.5809210274471,537.7981166022279
MARTINOPOLIS,471.27674016428887,516.3843493298746,503.7045414069456,507.51487088156716
MATAO,500.34214463840397,533.6267700314431,524.5318186917984,536.3361045663638
MAUA,477.01774546358433,521.6681431767338,512.8706977104359,502.70234118892125
MIRACATU,462.20358919687277,502.30092395167026,496.5689540059347,487.4217729970327
MIRANDOPOLIS,486.87373599344085,523.386827001913,516.6309871003926,520.9526079641055
MIRANTE DO PARANAPANEMA,460.0451127819549,501.8159539473685,488.8006986268369,483.247313900265
MIRASSOL,496.7023640296663,536.1485939431398,524.5447457083267,531.9598106850634
MOCOCA,508.89185286103543,543.2969073569482,528.964742961199,547.7256478498389
MOGI DAS CRUZES,494.22682895688814,535.9787526067157,525.3513270813058,531.413452180837
MOGI GUACU,497.97771947527747,535.4626572485705,524.0273382301503,537.0683105981112
MOGI MIRIM,512.9057774914089,529.6396692439862,538.2968125701459,548.5230751964085
MOJI MIRIM,501.2616761162296,551.3469879518073,522.8863909637456,539.9133175441793
MONGAGUA,475.89107814458845,522.9755536982867,513.9905676855894,500.08456331877727
MONTE ALTO,501.4798682972719,537.3982314205081,527.4732309486781,537.3129082426128
MONTE APRAZIVEL,492.84703076556167,526.0217028380634,513.2476858690301,527.1638601674052
MONTE MOR,478.9467285861713,522.8469969040248,506.84065934065933,509.03135100193924
Mairinque,497.95752605763334,545.0046203649206,532.0870516445899,526.6086086551885
Mairiporã,494.8126253687316,547.7276465243071,533.040754760266,520.0567052092025
Martinópolis,483.6629513343799,524.8382978723405,511.00224146714214,510.92339473684206
Marília,511.5411698852505,553.8560608521467,537.8078527038814,546.1970684406359
Matão,512.7137428478895,553.1208225153183,540.0180192428362,542.1682470639408
Mauá,487.6061876865259,542.795120913712,529.8287100236103,512.5286622924478
Miracatu,473.7717163239614,524.2512330946699,512.0121408336706,502.8460256410256
Mirandópolis,500.0397877297437,544.2265060240964,527.8538189175518,528.135820506131
Mirante do Paranapanema,472.57952772506854,516.801762656282,500.6495966907962,484.92545222387747
Mirassol,508.78922876196,552.6436525612472,534.8673589671624,541.0320614035087
Mococa,514.0737884683409,552.6498298548095,536.6145514722666,552.2975554764448
Mogi Guaçu,512.2872447469666,559.9109946524064,541.5516631791616,547.2460898876404
Mogi Mirim,524.2579255685733,557.5728131617527,545.5302655155563,576.7872157133012
Mogi das Cruzes,500.8483596958551,548.2151722062039,535.7730466877576,536.0731249895995
Moji Mirim,503.76336049452095,570.1265243045799,540.652098907418,520.8322311673376
Mongaguá,483.40156279420074,538.0235781137509,527.4062101620834,509.3441097979413
Monte Alto,515.1576574945691,554.9515993707394,537.8451152966027,550.030579868709
Monte Aprazível,507.13705258506405,544.8577521859671,527.6670530156686,536.5805160142348
Monte Mor,488.68965865142087,538.8036495176849,525.790866320571,517.9404175861483
NAZARE PAULISTA,492.0213457076566,524.799535962877,502.9701711491442,504.4821515892421
NOVA ODESSA,487.9253097345133,532.0542772861357,519.4499180999181,521.8198812448812
NOVO HORIZONTE,498.40597938144333,535.9615022091311,522.774584103512,536.7947627849661
Nova Odessa,502.82009237875286,553.3871482498283,540.0441937163687,539.368284789644
Novo Horizonte,503.5597323600973,542.4000967117988,531.3124926800702,546.0897031729785
OLIMPIA,489.19237446581195,526.0304487179487,513.6114348543156,523.8645959318306
ORLANDIA,492.8508636644047,530.2082048118446,518.1085052094408,523.2467892834361
OSASCO,486.6725305239087,533.8593763186192,521.9493040999413,515.416574438948
OSVALDO CRUZ,490.6564017660044,529.2205849889624,515.4768990929705,528.4092120181406
OURINHOS,489.2879082864039,533.3551086082059,518.5827772693236,524.4229886013811
Olímpia,500.7141007563133,543.2717310549777,528.7652385103997,534.555610007738
Orlândia,500.986889720004,541.9096528861155,526.1752827776138,526.1748470012241
Osasco,496.6071718227425,548.9590128301886,534.1760401068436,523.8949737757645
Osvaldo Cruz,504.4346108629203,548.1559775280899,531.3386621315193,538.1604082601472
Ourinhos,498.8983818770227,545.0015400280005,529.7163266615345,532.3688977688978
PARAGUACU PAULISTA,482.41790450928386,522.5338575217886,507.5668101761252,504.6453228962818
PAULINIA,515.2776271186441,554.1604017576899,532.7523902312289,552.1732008313847
PEDERNEIRAS,490.48306723633914,528.369687429728,519.0917868776176,528.1310376919498
PEDREIRA,493.732369798156,533.3786693246948,522.2562079668909,531.8073460941541
PENAPOLIS,493.3950892857143,531.4616691468254,516.8065080385852,527.492038585209
PEREIRA BARRETO,486.49615082482325,521.9281749148992,510.90237324703344,519.5187432578209
PERUIBE,479.14199649737304,523.4633741973146,510.4788564476886,504.73819951338197
PIEDADE,489.74572168087695,529.2802679658952,515.6230635197212,523.7360050689055
PILAR DO SUL,474.04203423304807,515.1127057274523,506.0259717922257,521.4656346749226
PINDAMONHANGABA,496.5008243320068,539.5233584422967,525.7010873558152,532.6514951142458
PIRACICABA,507.6017975449386,547.5110627765694,533.7659975747569,547.017779096468
PIRAJU,487.2513490843003,529.1894869285615,518.482382133995,524.7375857539046
PIRAJUI,483.7319590731267,526.184832982245,516.227478314746,515.0895600991327
PIRASSUNUNGA,510.60562007465785,547.9868311903774,532.9905468750001,549.1222869318182
PITANGUEIRAS,480.5522184300341,514.3712522971908,505.1149261891744,516.9575997813013
POA,474.0777305238739,521.0811005863779,512.1918287412209,500.22608049702865
PONTAL,474.03028603477287,514.3885866517106,498.75182608695656,499.5722898550724
PORTO FELIZ,483.6779350541215,525.3091382181516,513.0815162770374,515.5099191610225
PORTO FERREIRA,499.49223396632027,536.5455302758868,525.7436333394936,539.3568656440584
POTIM,484.76745098039214,526.1192156862745,508.68530612244894,495.5804081632653
PRAIA GRANDE,477.25762446780783,523.0194760622122,513.7234287266799,503.00168900561494
PRESIDENTE EPITACIO,469.3166826462128,511.9894534995206,501.96549043062197,497.03153907496016
PRESIDENTE PRUDENTE,487.76903324951104,531.4330930427493,515.4943779698862,518.0692734871471
PRESIDENTE VENCESLAU,483.44498810737343,524.1460754332313,511.7588799720865,519.050052337753
PROMISSAO,477.48625603309586,512.5349574810389,505.19358851674644,503.33686602870813
Paraguaçu Paulista,492.95861269614835,541.6174054982818,524.430757234448,517.9361036157582
Paulínia,523.6109443348486,564.8288868673503,546.5889667835086,559.4087107108841
Pederneiras,504.2685403050109,548.4872309299896,533.371687763713,533.5942794279428
Pedreira,496.83105449041375,546.3642248722317,532.3612586037365,529.8675758348203
Penápolis,502.84144590245114,549.5581434196397,530.2439357332689,530.820539184953
Pereira Barreto,495.1110819327731,535.7566152289401,521.0189395870508,519.1066966649021
Peruíbe,488.8345622119815,538.1510094727778,525.093622992065,511.50174353775975
Piedade,497.589229311434,548.9255859969559,533.2191126803807,528.130815806246
Pilar do Sul,492.8409192546584,540.6979216435739,524.8333413635269,533.8294987468672
Pindamonhangaba,506.6456274509804,555.8371668032012,539.923252414845,541.3771477549944
Piracicaba,518.1423867143089,564.5526204548123,546.9432761439518,555.2686561062851
Piraju,496.24704523346304,545.9143472189901,530.1539373312992,533.2350877192982
Pirajuí,490.978898007034,535.316501836677,522.1463888095918,513.4788507109005
Pirassununga,519.7094721514379,562.5287383177571,544.5947717546362,554.3038881960238
Pitangueiras,486.3220492866407,530.755850931677,516.2924628182506,515.4982617856202
Pontal,480.8675147928994,524.3697705291105,509.0753739930955,502.15647575334265
Porto Feliz,494.2049902629017,545.9219410262364,530.6340530391927,524.619423929099
Porto Ferreira,514.3343199170515,557.7643169797556,539.9404792508263,549.55543426673
Poá,484.8300911854103,539.6715048082003,528.0337217382009,511.2486296006265
Praia Grande,490.9115773034878,543.3446692812181,531.5565335994678,515.4029756063367
Presidente Epitácio,484.2487526846192,529.924479333547,518.9865105008078,508.57435427428766
Presidente Prudente,493.99003529132307,537.1634290040156,523.1947065345092,519.3539372429915
Presidente Venceslau,488.65269290891007,534.8216365392576,519.7937899416505,518.2124356038923
Promissão,489.4794706900816,536.5678885979529,519.887852494577,510.1095715359559
RANCHARIA,479.46419178636455,520.2075662553106,505.7721791919615,501.96215197822903
REGINOPOLIS,483.0648780487805,507.8868292682927,497.82871794871795,485.22666666666663
REGISTRO,479.39476704929103,518.9379338284942,509.2483141331835,511.589484405732
RIBEIRAO DO SUL,486.6873873873874,517.2396396396397,491.6834123222749,483.0094786729858
RIBEIRAO PIRES,490.66555297102985,532.8108620568125,522.3059375682166,519.8307574765334
RIBEIRAO PRETO,517.1539235531565,554.6466706914308,539.7740775053942,554.1970658149769
RIO CLARO,504.7846595794575,543.6559759243337,530.6397054647247,543.3963690210556
RIO GRANDE DA SERRA,467.7398878827081,513.6847563605002,501.87562683532866,491.23044951434383
ROSANA,461.5646165155599,499.45966674834597,486.44029359655786,481.67737281700835
Rancharia,488.5681908548708,532.184157626037,515.7092035398231,503.7928129700819
Registro,492.41547015080965,541.2440696046403,526.7950030345944,524.9874745059428
Ribeirão Pires,499.2561324857812,550.160930533118,536.0901673503939,528.7578067039859
Ribeirão Preto,523.5151153749159,564.9371087444288,547.1950285965684,558.6359527592416
Rio Claro,513.2219887399889,560.3715732742145,542.1165417889696,548.437111253607
Rio Grande da Serra,478.19429429429425,532.6676767676768,520.6668470343393,499.08128249566727
Rosana,475.4925117370892,520.8717118759973,503.0627266467753,490.68186761229316
SALTO,487.31270101483216,528.3048009367682,515.4752997797536,519.6671261930011
SALTO DE PIRAPORA,483.60455366823277,522.5976328153234,511.0138382687927,510.49269172361426
SANTA BARBARA D OESTE,488.8965716392234,542.6971491767019,514.6540933822599,523.7710236619006
SANTA BARBARA D'OESTE,492.36100224382943,512.7434255796559,520.5539900249377,525.2555642144639
SANTA CRUZ DO RIO PARDO,495.59568288854,533.9119937205651,520.3998690885289,530.8597119947635
SANTA FE DO SUL,485.2759602649006,538.09,511.2396032831738,515.4309165526676
SANTA ISABEL,478.58637290261873,522.7469656578328,511.73286423841057,503.0196523178808
SANTA ROSA DE VITERBO,494.72907949790795,556.1024058577406,518.9390692640693,489.66590909090905
SANTANA DE PARNAIBA,486.6913676704847,529.6398316013048,513.7644320151253,519.2858279502127
SANTO ANASTACIO,490.7824528301887,517.7230188679246,506.0217564870259,505.7193612774451
SANTO ANDRE,498.97435139937807,542.2915981785873,530.369475581145,535.6851832122496
SANTO ANTONIO DE POSSE,495.13685446009384,524.6856807511738,513.1645885286783,512.6164588528678
SANTOS,510.88661406025824,553.592513151602,542.3161502557227,552.1487362828343
SAO BERNARDO DO CAMPO,495.7247959707131,539.7382397519003,528.1481968033157,532.4950965913151
SAO CAETANO DO SUL,513.8694975748147,555.495360117141,543.6119023685368,559.6526575359678
SAO CARLOS,518.0266144690191,556.4702705554618,541.7141015083217,558.3460124826629
SAO JOAO DA BOA VISTA,507.5137761046877,545.3309939948015,528.8247331615753,546.1620997423629
SAO JOAQUIM DA BARRA,490.6959314495029,529.7187205651492,515.8573652856757,521.4671946926618
SAO JOSE DO RIO PARDO,508.21788659139924,542.1270328555119,531.0232724902216,544.5904693611474
SAO JOSE DO RIO PRETO,515.4889651683769,551.3251065905478,536.771929889987,554.3812586239045
SAO JOSE DOS CAMPOS,514.2512746733545,555.4884198976679,537.8097273789283,559.3398209514556
SAO MANUEL,494.800586366968,529.5036159296359,518.1944415718718,523.9108841778697
SAO MIGUEL ARCANJO,480.08280778722235,521.0778722237455,509.03925287356327,515.3006609195403
SAO PAULO,499.6434348092807,546.0350578401946,532.3111891791402,532.9827906190671
SAO ROQUE,496.6516244057052,536.1757626782884,522.3477721492815,528.7652124470175
SAO SEBASTIAO,476.60633048501626,521.2223372246962,509.355040701315,501.2255604257984
SAO VICENTE,476.8714089321543,524.911919447128,515.4698938940495,504.11067278168605
SERRA AZUL,492.43509615384613,525.7764423076923,508.91243523316064,485.22279792746116
SERRANA,477.75089680875845,520.4947356161192,506.2964207980653,506.9493107617896
SERTAOZINHO,497.4239948645179,534.6252044057031,520.2520169252468,536.1768406205923
SOCORRO,495.69561603989195,536.7869520049865,523.2186960276339,528.8156951640759
SOROCABA,497.787645070652,540.7384561089166,527.0362472598505,533.1808217638131
SUMARE,482.368635683606,526.8580956517543,513.4565009800473,513.954867567975
SUZANO,479.1869341172402,523.4088881203528,513.9038205561751,509.71632550275206
Salto,499.86262752968724,549.0394328861756,535.508382018825,532.264244063213
Salto de Pirapora,492.12743690165365,542.1876718034152,527.138266384778,516.2431034482759
Santa Bárbara d'Oeste,507.96148428232505,555.8747829207032,540.0992338272498,542.2406483417986
Santa Cruz do Rio Pardo,502.5624488644379,551.4902921771913,534.6308677291922,537.2872768813365
Santa Fé do Sul,507.0994933333334,541.8379195490648,528.9878560331434,541.523240765705
Santa Isabel,484.96344660812014,535.9390264731,525.1343165200149,509.4696467848363
Santa Rosa de Viterbo,494.9658344042592,537.4780661215784,521.3747009462596,514.3897454813722
Santana de Parnaíba,504.76672231231515,549.0707493256526,535.0600570350949,544.8324181626188
Santo André,507.45565171169324,557.489240249004,542.1964771984606,542.4443946776612
Santos,516.302375493173,565.4750475888325,550.7271874750061,554.3856952345232
Serrana,487.99629082856615,535.6020874219447,520.7288028802881,510.1403427081393
Sertãozinho,507.6697626061341,550.233544268665,534.0142969231631,539.1296657137856
Socorro,501.1770841643398,551.255117352828,532.7946601941748,534.1820781312929
Sorocaba,507.7422165542208,558.1148223441983,542.1113127171252,541.9723043720577
Sumaré,492.25755030033184,543.2159038763434,530.2896457876351,520.939025527945
Suzano,489.1124577680056,540.0623205526592,528.441706849173,515.6896531181457
São Bernardo do Campo,504.7675298938278,556.2168703546204,541.2729121190447,540.5325001443168
São Caetano do Sul,521.1395719701602,569.2256719731683,552.6014600970228,567.0091726397202
São Carlos,523.1798434126359,567.2931729034283,548.8060972960161,561.3850928899549
São Joaquim da Barra,497.9515074464221,541.8825562324274,526.9742691442774,525.9988619676946
São José do Rio Pardo,516.137452694767,560.3231169160537,541.3806290755658,552.9551329297183
São José do Rio Preto,525.1893616698293,564.5119282812636,546.0435687885614,562.6259456481821
São José dos Campos,525.4177112362883,571.4471737901023,551.101542550621,572.2215134359302
São João da Boa Vista,519.0068612774451,561.5500240307593,542.5927307971892,559.3995134636356
São Manuel,508.91214019972585,553.0890043453618,533.9996007604562,534.8714426487978
São Miguel Arcanjo,493.50231913284597,546.1728419010669,529.7932174338883,527.7225362872422
São Paulo,506.06924755106553,556.8590082880263,541.1937162337653,538.8206884092708
São Roque,505.9346862116353,552.2905072208524,535.2902054977316,534.6346666666667
São Sebastião,487.0991995731057,538.086748216106,525.0590646280355,505.64272641636387
São Vicente,487.7462797805971,542.2236016263372,530.1603900255755,509.0964494782387
TABOAO DA SERRA,476.8918322463219,526.0024773749936,513.841838634397,498.9882371450297
TAPIRATIBA,486.405269761606,524.7756900878293,512.5598448108633,517.4548011639185
TAQUARITINGA,495.14325777948517,531.6280637725702,520.3422977539257,528.4151262174518
TATUI,489.25980054264136,525.5449292366357,516.3211867015546,520.8836232107126
TAUBATE,508.44039266637793,549.3460480727588,532.4607222802566,548.0235263393523
TIETE,495.0913364779874,534.0508962264151,518.7677140996418,528.0634972321719
TREMEMBE,515.0566079295154,554.4539647577093,534.8268348623853,531.9075688073394
TUPA,484.96099726130893,525.2461327792993,513.29258933802,516.5668424135911
TUPI PAULISTA,505.5161953727506,532.4251928020566,510.17119565217394,512.9771739130435
Taboão da Serra,488.62196441169556,543.933138893563,529.9767831561487,511.79848397999723
Tapiratiba,490.4171437090042,538.8221356421357,519.3020069808028,517.187646528404
Taquaritinga,506.7719911147011,547.8971206225681,533.2977468652037,534.0290683482506
Tatuí,499.0866161052867,545.766518549866,532.045776858325,529.7251185190759
Taubaté,516.1559458901888,564.8892898719441,545.7975609756097,554.0054898347402
Teodoro Sampaio,473.2618512573569,516.8576417004049,511.50435222672064,512.4522204387373
Tietê,503.3720874130836,545.5138165962666,529.4319476944254,534.5233615373584
Tupã,499.82625348859585,546.6978103544257,530.1005809050876,528.7919210577484
UBATUBA,478.46318860092003,523.565735442612,511.94973532525586,500.34524173626636
Ubatuba,492.00523458704924,544.579727740986,530.2460246360582,518.2565879265092
VALINHOS,527.2426177756192,562.8068884571799,546.2987534280728,575.2778359511344
VARGEM GRANDE DO SUL,494.8892912894161,530.3973150171714,516.0540218790219,525.8747425997426
VARGEM GRANDE PAULISTA,482.9876370711001,525.4173505482844,512.7606842297841,508.45751920965967
VARZEA PAULISTA,477.6720564566052,521.337204407577,509.57558019597735,508.7588705518308
VINHEDO,523.4345607147692,559.0740760795993,541.822791864029,567.1325438840903
VOTORANTIM,484.42417723846296,528.7976650119507,517.2123775686576,518.8006529671596
VOTUPORANGA,489.5073650066781,524.5590154550658,514.5713975665899,525.1543965800723
Valinhos,536.6022598870056,579.0880406091371,559.4770819135887,585.5304369204832
Vargem Grande Paulista,499.1011308784995,546.5474943204597,532.2566882416397,529.7283129175947
Vargem Grande do Sul,503.3310324483776,547.5403389830509,529.0478410065771,533.3553032566477
Vinhedo,531.008194761439,571.8329275970619,554.1940741523185,575.6018384766907
Votorantim,497.0336245389245,549.9298703720974,536.8549915238275,528.0708443659901
Votuporanga,504.7400036516341,544.6104213120526,529.1514175791654,539.5167894866127
Várzea Paulista,485.5994963552021,541.1735130346747,526.8379823099602,512.2228237506718
